Power_Grid,Cost
481060.459,3511741.351
1515.970638,10050.88533
70116.98643,464875.6201
25077.54573,166264.1282
1381.600309,9160.01005
46015.37009,305081.9037
94238.92798,624804.0925
97178.60523,644294.1527
28881.51074,191484.4162
20027.26948,132780.7967
3953.378589,26210.90005
93028.83982,616781.208
32632.33326,216352.3695
72073.1451,477844.952
99384.54892,658919.5593
27908.86972,185035.8062
37658.78019,249677.7126
1289.34862,8548.381348
78957.02981,523485.1076
91390.70747,605920.3905
82058.10617,544045.2439
12681.67978,84079.53697
76093.89861,504502.5478
12367.51889,81996.65024
83837.11852,555840.0958
64848.0085,429942.2964
55282.65752,366524.0193
88921.79694,589551.5137
44639.27549,295958.3965
30621.26212,203018.9679
21104.43955,139922.4342
8773.468335,58168.09506
636.8400374,3719.145818
78159.81234,518199.5558
56679.06739,375782.2168
93486.45937,619815.2256
36931.0499,244852.8608
57376.97271,380409.329
28484.03209,188849.1328
37296.58935,247276.3874
99460.99335,659426.3859
24657.80537,163481.2496
42050.51527,278794.9162
47014.04826,311703.14
49493.62165,328142.7115
73454.84544,487005.6253
48713.60345,322971.1908
13554.64197,89867.27626
4888.107509,32408.15279
14582.93266,96684.84351
19014.24134,126064.4201
17912.2044,118757.9152
9701.495178,64320.91303
1945.189764,12896.60814
58296.67056,386506.9258
80495.15269,533682.8624
45125.39545,299181.3719
19900.16238,131938.0766
75671.10538,501699.4287
73220.33482,485450.8199
88692.24589,588029.5902
36326.5545,240845.0563
54831.83692,363535.0788
78847.99404,522762.2005
31429.84517,208379.8735
37864.37318,251040.7942
61911.13813,410470.8458
41335.68016,274055.5595
43167.95687,286203.554
93503.49206,619928.1523
59382.24849,393704.3075
31919.93966,211629.1999
84432.54596,559787.7797
29010.82333,192341.7587
82713.82595,548392.666
99183.47323,657586.4275
56470.9402,374402.3335
14555.11362,96500.40328
62211.96086,412465.3005
35219.32069,233504.0962
40161.49866,266270.7361
50416.00616,334258.1208
94389.13025,625799.9336
97483.75702,646317.309
34867.23017,231169.736
72687.80685,481920.1594
19378.77087,128481.2509
24019.3985,159248.6121
28621.21978,189758.6871
58657.3032,388897.9202
49937.89781,331088.2625
66727.76686,442405.0943
67885.68944,450082.121
27674.28802,183480.5296
74270.44373,492413.042
34748.32508,230381.3953
12984.8435,86089.51241
61252.67007,406105.2026
5051.232751,33489.67314
26010.03308,172446.5193
98052.85943,650090.458
72901.0159,483333.7354
49300.63232,326863.1923
86220.55232,571642.2619
53109.38206,352115.2031
59018.55389,391293.0123
80296.01795,532362.599
43336.68053,287322.1919
66989.51404,444140.4781
51421.235,340922.7881
8173.960495,54193.35808
45069.22889,298808.9876
34191.84776,226691.9506
39437.20675,261468.6807
57912.22028,383958.0204
31229.87815,207054.0921
46906.77775,310991.9365
35780.55445,237225.076
68391.39452,453434.9457
77963.26516,516896.448
2695.073379,17868.3365
88644.3743,587712.2016
49301.84063,326871.2034
85916.11704,569623.856
9689.877155,64243.88554
27918.45849,185099.3798
89026.88833,590248.2696
60929.13792,403960.1844
77811.17608,515888.0974
94173.94415,624373.2497
19677.34225,130460.7791
12119.93753,80355.18585
66379.68683,440097.3237
66512.04442,440974.8545
88789.71372,588675.802
19046.96518,126281.3791
85868.61218,569308.8988
67310.17764,446266.4778
59758.79462,396200.8084
97672.43486,647568.2431
44653.32537,296051.5472
45537.58772,301914.2066
86681.86267,574700.7495
45526.61583,301841.463
93305.8922,618618.0653
27624.53672,183150.6785
17362.70184,115114.7132
52523.92271,348233.6075
96053.05916,636831.7822
23168.50719,153607.2027
65038.65345,431206.2724
95516.11859,633271.8663
72956.80883,483703.6425
63641.49331,421943.1006
39741.32546,263484.9878
74878.36456,496443.5571
99833.9711,661899.2284
26205.97754,173745.6311
86466.60778,573273.6096
71990.93666,477299.91
301.6095293,1761.399651
51867.2068,343879.5811
44173.79125,292872.236
34054.75831,225783.0476
40398.52884,267842.2462
11840.97333,78505.65316
1399.642895,9279.632392
2923.089342,19380.08234
5250.793008,34812.75765
28096.61388,186280.5501
49992.67738,331451.451
87705.70159,581488.8015
13009.12454,86250.49569
6127.449956,40624.99321
20662.34794,136991.3669
89560.52368,593786.272
30499.66553,202212.7825
66315.1759,439669.6162
56967.95102,377697.5153
24144.64705,160079.01
43096.4091,285729.1923
95550.52272,633499.9657
7922.084619,52523.42102
8200.690694,54370.5793
28607.21116,189665.81
89664.65176,594476.6412
95152.72173,630862.545
83831.89191,555805.4433
29831.19795,197780.8424
40550.28024,268848.358
21509.9449,142610.9347
49865.90764,330610.9676
8350.117677,55361.2802
44867.51624,297471.6327
5769.571868,38252.26148
4555.464438,30202.72922
24567.48523,162882.427
88997.41725,590052.8764
9568.785787,63441.04977
52829.10165,350256.9439
6040.312421,40047.27135
9678.840454,64170.71221
11135.28098,73826.9129
87698.06458,581438.1682
68245.9169,452470.429
1831.564579,12143.27316
8942.980237,59291.95897
14703.62384,97485.02606
83420.35017,553076.9216
96203.61818,637829.9885
43344.29472,287372.674
19720.42979,130746.4495
77611.82685,514566.412
50514.88681,334913.6996
97867.47045,648861.3291
98453.81098,652748.7668
97164.84158,644202.8997
27914.9152,185075.8878
4890.296389,32422.66506
94817.47545,628639.8623
75512.18982,500645.8185
53561.38227,355111.9644
1538.452527,10199.94025
6570.49441,43562.37794
95749.7661,634820.9492
56935.57372,377482.8538
28957.00451,191984.9399
96433.09621,639351.4279
44196.10857,293020.1998
76249.02626,505531.0441
68514.44603,454250.7772
204.1695708,1192.350293
56821.22897,376724.7481
39502.19577,261899.558
80940.08826,536632.7852
53083.68188,351944.8108
25831.06779,171259.9794
1151.266553,7632.897245
79991.44854,530343.3038
61908.5435,410453.6434
90932.14997,602880.1543
7927.412474,52558.7447
30126.23584,199736.9436
63187.52843,418933.3135
56772.92381,376404.4848
53448.5145,354363.6511
78433.20083,520012.1215
73880.07433,489824.8928
88259.52804,585160.6709
70015.47685,464202.6115
80399.81483,533050.7723
73162.38569,485066.6171
81673.15398,541493.0109
53101.74207,352064.5499
59819.374,396602.4496
51428.84425,340973.2374
80239.92231,531990.6849
47288.51509,313522.855
83100.73559,550957.877
72185.55784,478590.2485
33196.39511,220092.0996
51333.55655,340341.4799
76062.15139,504292.0637
72560.52349,481076.2707
89487.42272,593301.6126
99956.55565,662711.964
18397.3301,121974.2986
80630.95592,534583.2378
18351.15188,121668.137
54265.74264,359781.8737
32880.01551,217994.5029
83170.62703,551421.2572
58486.54485,387765.7923
44958.33054,298073.7315
50332.12794,333702.0082
56576.71969,375103.6516
99421.94784,659167.5142
59110.0471,391899.6122
81427.87476,539866.8096
61428.35134,407269.9694
14989.57883,99380.90766
73080.18358,484521.6171
31675.89297,210011.1704
5781.155618,38329.06175
38338.71459,254185.6777
50972.90223,337950.3418
99127.70091,657216.657
65084.4518,431509.9154
63636.86479,421912.4135
93315.12286,618679.2645
26417.05185,175145.0537
36853.52898,244338.8971
83844.94588,555891.9912
38822.39248,257392.4621
64037.14487,424566.2705
49874.66195,330669.0087
7628.855976,50579.31512
29650.82339,196584.9591
59971.26424,397609.4819
44068.27616,292172.671
69367.33143,459905.4074
33080.33144,219322.5974
94829.57346,628720.0721
592.6341016,3460.983154
18.39413096,107.4217248
45666.50221,302768.9096
82233.56524,545208.5375
30867.63014,204652.3878
53378.13043,353897.0048
1878.235458,12452.70109
6721.738197,44565.12424
2389.433083,15841.94134
37573.75259,249113.9797
64729.2189,429154.7213
48648.96042,322542.6076
82018.26958,543781.1273
21513.56171,142634.9141
2272.176542,15064.53047
19760.6678,131013.2275
26761.71363,177430.1614
63169.73247,418815.3263
87535.14657,580358.0217
58670.07504,388982.5975
73691.53787,488574.8961
72313.92033,479441.2918
41938.18382,278050.1587
9925.071836,65803.22627
60749.31004,402767.9256
45209.15017,299736.6656
68781.72758,456022.8539
87770.29297,581917.0424
62329.73039,413246.1125
11356.99236,75296.85933
4839.234143,32084.12237
16033.48679,106302.0174
99877.23914,662186.0955
2265.164784,15018.04252
63372.40059,420159.0159
44968.88846,298143.7305
41685.4902,276374.8
86168.15144,571294.844
14498.67337,96126.20444
20248.8725,134250.0247
64518.4697,427757.4541
30958.22218,205253.0131
74215.74034,492050.3584
44477.6675,294886.9355
7823.358101,51868.86421
9020.866132,59808.34245
57086.39359,378482.7895
48505.16871,321589.2685
198.7501811,1160.701057
83440.00696,553207.2461
11899.49473,78893.65009
754.1156563,4404.035433
18825.14562,124810.7155
14031.24122,93027.12927
36312.71253,240753.2841
97199.91678,644435.4483
86485.50024,573398.8666
41662.61895,276223.1637
72861.65326,483072.7611
52313.3193,346837.3069
35558.86749,235755.2915
42999.05086,285083.7072
54908.80416,364045.3716
6739.56826,44683.33756
30602.17311,202892.4077
19490.9977,129225.3147
79347.00529,526070.6451
96146.01653,637448.0896
74128.51753,491472.0712
84770.04546,562025.4014
97466.6906,646204.1587
65712.38197,435673.0925
84601.09479,560905.2584
96468.69328,639587.4365
74017.06911,490733.1682
40909.92951,271232.8326
23484.92483,155705.0516
18537.16222,122901.3855
96475.57865,639633.0865
20125.48881,133431.9908
40044.28996,265493.6424
66855.66795,443253.0785
13289.34632,88108.36613
32044.97567,212458.1887
94573.1736,627020.141
11802.31136,78249.32432
89936.08242,596276.2265
58693.83145,389140.1025
35246.71864,233685.7446
98097.67636,650387.5943
77036.22844,510750.1946
44624.73159,295861.9704
37431.83888,248173.0918
57136.54789,378815.3125
64411.87586,427050.7369
35029.69259,232246.8619
28442.7032,188575.1222
66231.41154,439114.2585
16161.15944,107148.4871
64611.30285,428372.9379
14547.26381,96448.35908
94567.19474,626980.5011
84087.24371,557498.4258
3252.005679,21560.79765
1293.426582,8575.418239
72805.69075,482701.7297
17490.4021,115961.3659
15756.25973,104464.002
70510.95337,467487.6208
41046.01493,272135.079
36252.14076,240351.6932
13748.07311,91149.72473
26843.55142,177972.7459
29967.14287,198682.1572
19429.99388,128820.8594
28698.63595,190271.9564
10289.49935,68219.38072
14625.12058,96964.54947
74290.76735,492547.7875
19163.05799,127051.0745
8246.379691,54673.49735
20234.23013,134152.9458
31055.03131,205894.8576
24321.56481,161251.9747
1145.149073,7592.338353
7239.208367,47995.95147
28863.67298,191366.1519
9113.209658,60420.58003
33190.66406,220054.1027
9891.643479,65581.59626
1418.793965,9406.603986
73117.0783,484766.2292
88078.58908,583961.0456
14203.34077,94168.14933
64532.01946,427847.289
13732.34244,91045.43039
87501.60681,580135.6532
24584.12235,162992.7312
12854.58509,85225.89918
75808.01527,502607.1412
94376.56444,625716.6222
18257.0693,121044.3695
45544.23762,301958.2954
22421.01892,148651.3555
81245.02441,538654.5118
35316.20126,234146.4144
46159.43879,306037.0792
15657.06751,103806.3576
60431.01168,400657.6074
25179.38631,166939.3313
3560.419358,23605.58034
50128.10493,332349.3357
59366.58103,393600.4322
54658.27735,362384.3788
14435.19669,95705.35405
70569.43258,467875.338
45695.39123,302960.4439
77380.32707,513031.5685
880.4980803,5142.108789
68491.91358,454101.387
4859.869551,32220.93512
88708.73924,588138.9412
50275.99795,333329.8664
21466.17102,142320.7138
77777.94139,515667.7514
82781.85109,548843.6727
99065.05898,656801.3411
37031.17844,245516.7131
95853.02568,635505.5602
46763.40963,310041.4058
57014.71938,378007.5895
82474.43646,546805.5137
37512.76645,248709.6415
26297.2094,174350.4983
12508.77917,82933.20588
95276.09334,631680.4989
74050.93002,490957.666
1152.471582,7640.886592
55826.02822,370126.5671
53195.66268,352687.2435
33542.72932,222388.2954
36326.22506,240842.8721
10210.421,67695.09125
95247.91025,631493.6449
76914.20869,509941.2036
66894.23708,443508.7919
41455.34332,274848.9262
8336.640871,55271.92897
39262.02404,260307.2194
7008.216681,46464.47659
21583.88973,143101.1889
25534.01424,169290.5144
43.12649602,251.8587368
91643.80037,607598.3964
45135.27505,299246.8736
30099.84295,199561.9588
13073.34393,86676.27029
83361.92682,552689.5748
66489.68064,440826.5826
5174.418831,34306.39685
1130.056569,7492.275051
51479.51298,341309.1711
3570.058632,23669.48873
56709.49411,375983.9459
68177.82104,452018.9535
37067.1542,245755.2323
13992.33414,92769.17534
27772.38903,184130.9393
5376.406828,35645.57727
59600.96021,395154.3662
50234.39629,333054.0474
14108.41097,93538.76472
77666.16448,514926.6705
75775.34845,502390.5602
54954.33944,364347.2705
87468.11044,579913.5722
54336.9694,360254.1071
45808.49408,303710.3158
92382.72419,612497.4614
17280.7627,114571.4567
88154.89826,584466.9755
37270.57675,247103.9239
95545.31009,633465.4059
76681.22773,508396.5398
21030.0432,139429.1864
6353.876646,42126.20216
20161.75032,133672.4046
15829.92608,104952.4099
7039.449917,46671.55295
93733.1246,621450.6161
94790.97412,628464.1584
55652.99593,368979.363
92031.94656,610171.8057
75530.46828,500767.0047
95245.76892,631479.4479
77987.81958,517059.2438
71053.03715,471081.6363
22301.32257,147857.7686
89666.93684,594491.7913
58204.138,385893.4349
19827.87544,131458.8142
31562.23884,209257.6435
44892.357,297636.3269
63507.65749,421055.7691
2200.399611,14588.64942
96437.0106,639377.3803
42277.34879,280298.8225
18538.37163,122909.4039
71212.46095,472138.6161
15494.09384,102725.8422
76926.62938,510023.5528
93000.89464,616595.9315
58799.19982,389838.6948
48396.45954,320868.5268
17258.93607,114426.7462
91988.37573,609882.9311
80967.14337,536812.1606
19029.12076,126163.0707
54379.56116,360536.4905
26132.49341,173258.4313
96451.30218,639472.1334
14524.5284,96297.6233
53025.68445,351560.2879
47851.67328,317256.5939
11300.68086,74923.5141
38247.86979,253583.3767
98074.11031,650231.3513
22057.14514,146238.8723
14714.90526,97559.82189
76835.33332,509418.2599
81016.86339,537141.8042
99148.53611,657354.7944
28348.69008,187951.8152
68496.2857,454130.3742
56711.56793,375997.6953
84838.11565,562476.7067
82276.2242,545491.3665
57681.49399,382428.3052
27767.85039,184100.8481
13660.66991,90570.24149
44578.52164,295555.5985
95080.20318,630381.7471
54407.76802,360723.502
63599.87009,421667.1387
50146.88927,332473.8758
58633.29198,388738.7258
87119.24227,577600.5762
18247.37042,120980.0659
21132.15567,140106.1921
35210.72383,233447.099
44483.28827,294924.2013
99426.70406,659199.0479
85237.93468,565127.5069
92553.64764,613630.6838
43188.85493,286342.1082
24953.7631,165443.4493
51760.87556,343174.6049
88571.6401,587229.9739
91465.82114,606418.3941
87859.96245,582511.551
75174.27833,498405.4653
93398.18594,619229.9728
63172.73483,418835.2319
83170.68282,551421.6271
4247.327575,28159.78182
84390.56406,559509.4397
18522.03845,122801.115
27690.25656,183586.401
20047.61026,132915.656
37671.62539,249762.8764
9002.987352,59689.80614
59688.5942,395735.3795
20555.9614,136286.0241
75272.18955,499054.6167
47359.16568,313991.2684
51583.23783,341996.8668
78953.18109,523459.5906
39803.25714,263895.5948
54692.04999,362608.2915
79878.46188,529594.2023
90333.81189,598913.1729
99421.55635,659164.9186
34063.68651,225842.2415
29288.52006,194182.888
22290.33595,147784.9274
24706.50742,163804.1442
55716.73491,369401.9525
12298.65451,81540.0794
22590.975,149778.1643
79579.58791,527612.6678
40453.80667,268208.7382
22629.79219,150035.5222
5063.765631,33572.76614
57349.43961,380226.7846
26789.32307,177613.212
39726.23232,263384.9203
93390.84888,619181.3281
72083.40938,477913.0042
94685.80325,627766.8756
61858.73988,410123.4454
99185.12408,657597.3727
3052.869882,20240.52731
98085.57547,650307.3654
40299.92283,267188.4883
67184.49762,445433.2192
43750.20752,290063.8759
91061.43251,603737.2975
84024.14362,557080.0722
67572.43057,448005.2147
11817.80922,78352.07512
67724.64254,449014.38
26626.69848,176535.0109
41616.67029,275918.524
49940.98923,331108.7586
14539.80975,96398.93865
72884.59631,483224.8736
87177.29792,577985.4852
48384.82481,320791.3885
16099.69339,106740.9672
23137.44395,153401.2534
34029.39469,225614.8868
30301.8782,200901.4524
65422.26293,433749.6032
74833.64849,496147.0895
67521.70382,447668.8963
49667.12925,329293.0669
98644.70964,654014.4249
35151.92834,233057.2849
54172.18203,359161.5668
32369.56642,214610.2254
39388.07782,261142.9559
61445.27481,407382.172
90770.6201,601809.2113
26282.41334,174252.4004
66925.00787,443712.8022
87136.81966,577717.1143
68357.38985,453209.4947
30364.20795,201314.6987
37574.76765,249120.7095
70554.31156,467775.0856
23271.91225,154292.7782
97534.16391,646651.5067
23384.15964,155036.9784
48909.7996,324271.9713
70987.53135,470647.3328
30794.68083,204168.7339
974.7538557,5692.562517
84744.57921,561856.5602
64965.86567,430723.6894
38883.81006,257799.6607
66727.39739,442402.6447
14964.77915,99216.48573
7139.996143,47338.17443
79634.63516,527977.6311
48206.76222,319610.8335
5992.305406,39728.98484
61283.88409,406312.1515
75948.72349,503540.0367
94505.39545,626570.7718
36110.1277,239410.1466
40495.23399,268483.4013
86714.65436,574918.1584
76870.06714,509648.5452
35018.4997,232172.653
86160.7878,571246.0231
99791.66122,661618.7139
97669.50969,647548.8492
79577.64685,527599.7986
75129.09524,498105.9015
87695.74615,581422.797
34388.7398,227997.3449
11995.29786,79528.82479
1903.245274,12618.51616
52007.63394,344810.613
73279.69645,485844.3875
35226.81568,233553.788
35987.69013,238598.3855
31897.99612,211483.7143
24374.18902,161600.8732
79473.92884,526912.1482
29334.66775,194488.8472
81590.05377,540942.0565
55459.66013,367697.5467
66685.50112,442124.8725
32382.36264,214695.0643
36595.268,242626.6268
53673.58719,355855.883
62583.90371,414931.2816
47957.27496,317956.733
98576.94596,653565.1517
81980.59286,543531.3307
34257.26983,227125.699
35314.64138,234136.0723
13868.57888,91948.67796
69003.46879,457492.9981
20466.29754,135691.5527
76888.18888,509768.6923
76647.58225,508173.4703
88306.62056,585472.8943
17415.61952,115465.5574
96671.24548,640930.3576
54115.01553,358782.5529
92509.63767,613338.8977
66374.4931,440062.8893
64457.60894,427353.9473
29811.3006,197648.923
7335.612113,48635.10831
44062.86841,292136.8176
35195.76392,233347.9148
15996.00105,106053.487
57296.10971,379873.2074
7186.874041,47648.97489
50393.46527,334108.6748
84328.29037,559096.5651
51069.21298,338588.882
98759.57386,654775.9747
89828.34241,595561.9102
95377.81688,632354.9259
46986.91966,311523.2774
78564.38996,520881.9054
16634.27757,110285.2603
24848.29978,164744.2275
1589.194404,10536.3589
53771.97024,356508.1627
50247.37649,333140.1061
75020.1202,497383.3969
45786.82847,303566.6727
54684.51659,362558.345
8933.891165,59231.69843
71726.12042,475544.1784
10212.08646,67706.13323
94182.39544,624429.2818
93797.54881,621877.7486
7957.612191,52758.96883
64791.20921,429565.717
45150.46815,299347.6038
93248.59749,618238.2014
43649.12404,289393.6924
67392.64247,446813.2196
85891.86801,569463.0849
45173.81984,299502.4256
70585.86019,467984.2531
80061.8518,530810.0774
38189.42906,253195.9147
13650.82713,90504.9839
93610.68244,620638.8246
67503.32,447547.0116
9181.8022,60875.34859
51033.30743,338350.8283
54482.40502,361218.3453
35093.75644,232671.6052
62007.14054,411107.3418
31084.95821,206093.273
7414.42177,49157.61633
7430.480656,49264.08675
92237.6817,611535.8297
35862.58683,237768.9507
4010.137255,26587.21
41339.75082,274082.5479
61586.52303,408318.6477
15071.47002,99923.84623
18228.70455,120856.3112
70337.79508,466339.5814
45182.98274,299563.1756
20691.88026,137187.1661
8901.714004,59018.36384
76999.36711,510505.8039
16450.77158,109068.6156
83720.8967,555069.5451
6148.58503,40765.11875
81982.45782,543543.6953
97413.45765,645851.2242
79646.87183,528058.7602
65689.60719,435522.0957
28792.31152,190893.0254
58834.59711,390073.3788
35512.62851,235448.727
74285.12402,492510.3722
1754.683957,11633.55463
36138.26229,239596.6789
24015.15268,159220.4622
54604.64013,362028.7641
81656.46107,541382.3369
80491.18914,533656.584
78185.33224,518368.7528
4665.344245,30931.23234
28700.55657,190284.6901
89302.69521,592076.8693
42505.52669,281811.6419
21882.28397,145079.5428
71328.4007,472907.2967
39600.88755,262553.8845
56495.25994,374563.5734
43728.99534,289923.2391
37824.48185,250776.3147
13093.57165,86810.38005
26541.49295,175970.0982
37267.86988,247085.9773
8029.136148,53233.17266
40050.32697,265533.6678
7477.995118,49579.10763
6054.020043,40138.15289
35374.97928,234536.1126
21666.2925,143647.5193
78185.04282,518366.8339
21027.18345,139410.2263
13014.93169,86288.99712
61639.5893,408670.4771
37198.58797,246626.6382
16316.29489,108177.0351
19585.2077,129849.927
31740.41234,210438.9338
6199.923329,41105.49167
13335.5762,88414.87022
39762.58633,263625.9473
53794.03616,356654.4598
74202.94942,491965.5546
73341.69808,486255.4583
82120.17787,544456.7793
23337.4217,154727.1059
79120.96238,524571.9806
68462.68173,453907.5799
12298.52946,81539.25033
43250.77748,286752.6547
31738.60575,210426.9561
94417.36234,625987.1123
22468.27401,148964.6567
98961.01566,656111.5338
50747.37296,336455.0827
18581.27727,123193.8683
23666.09178,156906.1885
73090.70256,484591.358
95839.86429,635418.3002
7065.950919,46847.25459
3438.851556,22799.58582
12883.68026,85418.80012
87219.37175,578264.4347
70168.02184,465213.9848
79606.18317,527788.9944
47055.26696,311976.42
13097.66826,86837.54054
6788.800532,45009.74753
74788.44774,495847.4085
44415.23344,294472.9977
79533.90703,527309.8036
73471.04836,487113.0506
29786.89301,197487.1006
28394.41005,188254.9386
6492.381702,43044.49069
46374.29337,307461.565
41982.52104,278344.1145
30855.30788,204570.6913
61126.2233,405266.8605
59994.61017,397764.2654
57210.56844,379306.0687
8669.850296,57481.10746
12018.61439,79683.41342
48856.68015,323919.7894
32686.67992,216712.6879
49900.31538,330839.091
11789.01175,78161.14791
43999.04701,291713.6817
93620.32818,620702.7758
4178.360988,27702.53335
40618.84635,269302.9513
8766.757592,58123.60283
80631.28721,534585.4342
11355.65452,75287.9895
70088.54768,464687.0711
73426.44319,486817.3183
56898.82634,377239.2186
21029.38915,139424.8501
77128.32612,511360.8022
74943.33947,496874.3407
37007.8353,245361.948
34077.47469,225933.6572
16512.11797,109475.3422
14113.45157,93572.18393
23249.05847,154141.2576
33966.13888,225195.5008
80534.01941,533940.5487
93261.09363,618321.0508
23399.89503,155141.3041
1267.325851,8402.370395
38353.12778,254281.2372
63318.9185,419804.4296
96495.5578,639765.5482
17581.78706,116567.2482
81574.17257,540836.7642
43171.50594,286227.0844
33912.09111,224837.1641
3831.119231,25400.3205
56000.32993,371282.1874
85841.93708,569132.0428
72918.83835,483451.8983
67901.45388,450186.6392
27957.19731,185356.2182
97972.58646,649558.2482
74889.63267,496518.2646
33092.35616,219402.3214
40240.06686,266791.6433
74429.14779,493465.2498
48621.18443,322358.4528
15535.32763,102999.2222
26636.65139,176600.9987
44744.65128,296657.038
97559.74731,646821.1247
32272.58449,213967.2352
26185.97905,173613.0411
15975.35156,105916.5808
40177.44441,266376.4564
28172.84343,186785.9519
52057.63289,345142.106
60261.87361,399536.2221
75858.24201,502940.1445
16762.59351,111135.995
85423.5676,566358.2532
92479.62151,613139.8906
84396.20317,559546.827
9966.634834,66078.78895
73135.31179,484887.1172
33042.96415,219074.8523
63462.10357,420753.7466
31503.02017,208865.0237
73451.56316,486983.8637
25232.86812,167293.9157
97546.63407,646734.1839
15376.32874,101945.0596
75259.75182,498972.1545
65575.41595,434765.0077
76386.69512,506443.7886
8514.292622,56449.76008
67163.90095,445296.6633
78968.17115,523558.9747
11288.43265,74842.30845
86111.3201,570918.0523
69976.44964,463943.8611
12646.59529,83846.9268
76039.20732,504139.9446
47583.53271,315478.8219
61428.13955,407268.5652
69246.92056,459107.0833
3458.048732,22926.86309
79039.22043,524030.0314
24951.04697,165425.4414
10221.0011,67765.2373
6529.160276,43288.33263
54459.80082,361068.4794
37139.19654,246232.8731
98112.02928,650482.7541
95233.51615,631398.2121
94210.93092,624618.472
57185.34842,379138.86
63671.38098,422141.2559
87845.04241,582412.6312
50401.93133,334164.8047
86366.15413,572607.6019
78585.00254,521018.5668
85999.85549,570179.0419
88774.71681,588576.3724
55601.26997,368636.4199
26788.45964,177607.4874
44026.64072,291896.628
15590.47426,103364.8443
88683.7501,587973.2632
97518.66935,646548.7778
88526.45845,586930.4195
51614.14882,342201.8067
26467.66542,175480.6217
54080.53988,358553.9794
90992.44064,603279.8814
37454.14755,248320.9983
90796.08648,601978.0534
41174.38044,272986.1423
47434.26312,314489.1645
68609.72267,454882.4613
27955.77655,185346.7985
43004.02846,285116.7087
97272.91377,644919.4183
95465.72971,632937.788
61619.47492,408537.1187
67133.49308,445095.0591
37292.3986,247248.6027
31726.75954,210348.4158
75384.91522,499801.9879
83825.85212,555765.3995
63509.37449,421067.1529
80756.34554,535414.5709
33539.37632,222366.065
44654.07347,296056.5071
10184.9459,67526.19133
62063.8175,411483.11
69762.82712,462527.5438
62594.75306,415003.2128
60275.0864,399623.8228
72916.65063,483437.3937
75648.35375,501548.5854
90243.51171,598314.4827
46149.79831,305973.1628
23364.46911,154906.4302
31888.50593,211420.7943
37475.21517,248460.6766
60116.35103,398571.4073
24204.1457,160473.486
97707.26357,647799.1574
5832.221047,38667.62554
95400.64897,632506.3026
8058.141679,53425.47933
74452.22465,493618.2494
67404.70626,446893.2025
42188.26564,279708.2012
6476.696912,42940.50053
96548.19009,640114.5003
64819.2709,429751.7661
87336.83407,579043.2099
70919.12708,470193.8125
88607.61209,587468.4682
12598.69941,83529.37712
8505.930235,56394.31746
24327.01376,161288.1012
49763.47947,329931.8689
8595.294831,56986.80473
3715.311553,24632.5156
72411.32954,480087.1149
38001.25668,251948.3318
88878.32088,589263.2674
44091.55142,292326.9859
30013.35654,198988.5539
2966.527358,19668.07638
29385.59086,194826.4674
7627.844902,50572.6117
92773.32625,615087.153
19425.6986,128792.3817
52788.10321,349985.1243
85722.09355,568337.4802
46308.89382,307027.966
818.5486684,4780.324224
4012.298976,26601.54221
58942.76209,390790.5127
78991.84028,523715.901
90998.85563,603322.4129
56878.07232,377101.6195
89935.65333,596273.3816
96159.46809,637537.2735
79073.82394,524259.4527
40989.53594,271760.6233
40272.75989,267008.3981
45099.37387,299008.8488
16796.26024,111359.2054
29117.10877,193046.4311
31609.02014,209567.8035
37802.48377,250630.4674
1462.765181,9698.13315
13183.1227,87404.10347
90794.05258,601964.5686
4365.78908,28945.1816
34050.19225,225752.7746
84027.295,557100.9658
89522.41306,593533.5986
63696.18658,422305.717
28210.37776,187034.8046
79237.76343,525346.3715
71228.31238,472243.7111
55903.20069,370638.2206
44924.71804,297850.8806
54948.08991,364305.8361
70370.91549,466559.1697
18132.90014,120221.1279
71892.67953,476648.4653
60072.68163,398281.8792
24446.01156,162077.0566
96374.27581,638961.4486
26978.84544,178869.7453
13022.88653,86341.73772
37490.02362,248558.8566
83044.6375,550585.9466
86702.77937,574839.4272
81053.78725,537386.6095
53112.64529,352136.8383
81845.42886,542635.1933
47582.18004,315469.8537
89161.99639,591144.0361
65523.34358,434419.7679
91544.22234,606938.1941
56057.89113,371663.8182
42165.40176,279556.6136
43732.32707,289945.3285
47253.20492,313288.7486
97501.40893,646434.3412
70233.75621,465649.8037
50319.33754,333617.2079
59977.39635,397650.1378
86097.4843,570826.3209
78303.3685,519151.3331
9894.930903,65603.39189
50083.74096,332055.2026
5074.529911,33644.13331
55588.80545,368553.7802
30103.64112,199587.1406
10761.60654,71349.45135
50447.79975,334468.9123
27476.56544,182169.6289
51846.20597,343740.3456
31629.91052,209706.3068
85969.03636,569974.711
45459.23045,301394.6979
47247.94725,313253.8903
84400.23305,559573.5451
71404.14695,473409.4943
95338.61156,632094.9947
42565.49545,282209.2349
94886.83248,629099.6994
51521.59772,341588.1929
79081.96426,524313.4231
16195.38797,107375.4222
3011.67199,19967.38529
97602.97198,647107.7042
68828.4414,456332.5665
87283.86253,578692.0086
34112.69907,226167.1948
83239.39085,551877.1614
11113.25862,73680.90465
87206.02686,578175.9581
24401.68505,161783.1719
72823.32758,482818.6619
69601.84295,461460.2187
62631.60315,415247.5289
55131.95814,365524.8825
68250.56041,452501.2155
3902.866342,25876.00385
33358.04347,221163.8282
46106.1045,305683.4728
87358.48424,579186.7505
99490.72169,659623.4848
8080.962524,53576.78154
63312.86438,419764.2909
47171.87514,312749.5322
52928.7905,350917.881
62561.8399,414784.9986
77807.87502,515866.2114
58727.47621,389363.1673
28311.24503,187703.5545
19123.43765,126788.3916
7356.966124,48776.6854
53587.73977,355286.7147
42829.43326,283959.1425
5169.763485,34275.5319
40819.41065,270632.6926
25809.45039,171116.6561
18556.93185,123032.4582
79336.33193,525999.8807
91550.79514,606981.7718
29786.15268,197482.1923
32496.41791,215451.2508
69381.76682,460001.114
87558.03907,580509.799
52726.56506,349577.1264
99380.66996,658893.8418
88405.63056,586129.3306
35542.28405,235645.3432
94218.38076,624667.8645
99241.02052,657967.966
34178.06001,226600.5378
30049.94591,199231.1414
45122.51387,299162.267
6581.27378,43633.84516
77605.50331,514524.487
89578.6158,593906.2227
132.8349459,775.7560839
93509.32824,619966.8462
56770.29685,376387.0681
62834.81814,416594.8443
34085.70867,225988.2485
28598.94939,189611.0345
38372.98706,254412.9042
16453.49803,109086.692
60681.80102,402320.3408
91036.73303,603573.54
31046.08054,205835.514
31447.92908,208499.7698
92755.87074,614971.423
63804.08564,423021.0878
30680.69603,203413.0147
9037.24677,59916.94609
93340.07241,618844.6801
99983.10556,662887.9899
72670.38654,481804.6627
31710.33905,210239.5479
21365.03149,141650.1588
73633.51246,488190.1876
92908.90616,615986.0478
10018.65456,66423.6797
92447.45507,612926.6271
87199.14874,578130.3562
67806.6093,449557.8197
96358.4887,638856.7801
76531.12591,507401.3648
94381.96616,625752.4357
46903.57123,310970.6772
86888.48529,576070.6574
56016.09701,371386.7232
70232.39807,465640.7992
42336.4967,280690.9732
34051.49697,225761.4249
75156.00459,498284.3105
50564.71145,335244.0369
43963.98274,291481.2056
78634.31079,521345.4805
2569.639058,17036.70695
36700.99731,243327.6121
43947.91693,291374.6892
87878.52387,582634.6133
33847.2335,224407.1581
41832.11348,277346.9124
72774.38969,482494.2036
72185.73195,478591.4028
87349.53905,579127.4439
56594.97339,375224.6736
75007.64752,497300.7031
79273.93093,525586.1621
3253.700185,21572.03222
64230.3102,425846.9566
64386.014,426879.2728
87742.71133,581734.1761
11341.47219,75193.96063
66631.3313,441765.7265
41647.1861,276120.8438
88394.51403,586055.628
58860.60442,390245.8073
48957.822,324590.3598
74989.14093,497178.0044
59417.51835,393938.1467
26905.69505,178384.7582
75759.61774,502286.2656
7049.419202,46737.64931
28528.65731,189144.998
78009.80446,517205.0036
81089.5241,537623.5448
30097.04972,199543.4396
1557.117057,10323.68609
94848.49981,628845.5538
69679.26816,461973.5479
50000.93741,331506.215
52738.55264,349656.604
27102.38087,179688.7852
20163.09123,133681.2949
24465.26813,162204.7277
34132.92004,226301.2599
17611.64202,116765.1866
83577.08426,554116.0687
674.4324485,3938.685499
94466.51934,626313.0232
1955.040841,12961.92077
69840.1616,463040.2714
24452.94268,162123.01
32126.9037,213001.3715
87129.62826,577669.4354
13735.45268,91066.05128
51504.04588,341471.8242
76977.31012,510359.5661
87569.99005,580589.0341
37436.10879,248201.4013
93445.06252,619540.7645
285.1259023,1665.135269
5558.138363,36850.45735
162.9023988,951.3500092
88677.93662,587934.7198
82559.74118,547371.0841
36723.05324,243473.843
30371.8334,201365.2555
20516.46977,136024.1946
50478.53143,334672.6634
28672.59413,190099.2991
84491.63189,560179.5194
89893.18703,595991.83
83484.7246,553503.7241
23636.66361,156711.0798
53784.26389,356589.6696
1374.855096,9115.289283
83039.87963,550554.4019
45337.50784,300587.677
4155.243143,27549.26204
65712.82217,435676.011
18199.87873,120665.196
76718.20922,508641.7271
97113.23779,643860.7665
56779.99733,376451.3823
35098.30569,232701.7668
14194.97831,94112.70621
51543.99978,341736.7186
26027.47181,172562.1381
63941.01724,423928.9443
91210.78675,604727.5161
52258.65098,346474.856
71853.09142,476385.9961
85838.7428,569110.8647
30404.55132,201582.1753
99946.68606,662646.5286
24076.98065,159630.3817
19288.54571,127883.0581
8945.751611,59310.33318
22590.19223,149772.9745
52480.77433,347947.5338
51638.91372,342365.998
59120.00649,391965.643
60938.4605,404021.9931
19182.90984,127182.6923
25357.01074,168116.9812
352.6849719,2059.680236
66443.7986,440522.3847
8050.629378,53375.67278
79922.67799,529887.3551
91786.46532,608544.2651
31025.17215,205696.8913
58355.29179,386895.5846
32844.52209,217759.1815
97379.77034,645627.8773
38699.61829,256578.4693
40544.96563,268813.1221
35571.87035,235841.5004
98701.28313,654389.5071
5202.588606,34493.16246
29748.14673,197230.2129
61163.88258,405516.5415
47995.06661,318207.2916
656.4202567,3833.494299
93236.61926,618158.7857
10842.78361,71887.65535
49753.66669,329866.8102
58084.34035,385099.1765
56706.52275,375964.2459
49515.893,328290.3706
43999.50334,291716.7071
61165.85919,405529.6465
11249.7409,74585.78218
54123.44567,358838.4448
50004.11872,331527.3071
14352.59293,95157.69115
67889.00454,450104.1001
73059.25312,484382.8482
11805.41355,78269.89181
76703.08801,508541.4735
11297.52554,74902.5943
21995.01786,145826.9684
38208.6749,253323.5146
54194.39629,359308.8474
10731.26555,71148.2906
15407.98738,102154.9563
44829.92634,297222.4116
69158.94228,458523.7873
44994.96326,298316.6064
36245.41573,240307.1063
66001.09705,437587.2735
50366.3793,333929.0948
54049.40359,358347.5458
6930.485521,45949.119
44539.58457,295297.4457
67471.69777,447337.3562
19652.17624,130293.9285
32198.95044,213479.0414
60800.6595,403108.3725
37781.44552,250490.9838
30273.58042,200713.8382
15637.12399,103674.132
68452.43331,453839.6328
5571.67449,36940.20187
92278.97895,611809.6304
83918.46393,556379.4159
76354.70373,506231.6857
47619.81836,315719.3957
23675.73065,156970.0942
10924.14267,72427.06593
34463.80433,228495.0227
88059.06273,583831.5859
83244.64157,551911.9736
70670.79823,468547.3923
35561.80629,235774.7757
614.1396749,3586.575701
5228.3154,34663.7311
8424.686787,55855.6734
8762.429722,58094.90906
141.5780288,826.8156884
43913.70775,291147.8824
65499.75088,434263.3484
90705.32701,601376.3181
66531.6411,441104.7805
44211.63856,293123.1637
34364.14926,227834.3096
27879.66582,184842.1844
26443.07176,175317.5657
41072.40281,272310.0306
78464.72291,520221.1129
13973.44838,92643.96277
51324.17817,340279.3013
40784.44311,270400.8578
75879.31312,503079.846
27331.25914,181206.2481
26927.82202,178531.46
55780.41434,369824.1471
68687.48999,455398.0586
50449.65701,334481.226
31285.7272,207424.3713
85543.80358,567155.4177
13376.50437,88686.22398
13255.72933,87885.48547
26001.2599,172388.3532
20431.45117,135460.5213
66363.75729,439991.7109
27717.99763,183770.3243
20693.41639,137197.3507
26385.37896,174935.0625
29347.1463,194571.58
90107.88607,597415.2847
302.8426647,1768.601162
49519.14097,328311.9047
83332.49548,552494.445
29192.6464,193547.2457
66930.34901,443748.2139
85681.04157,568065.3056
6317.838666,41887.27035
3963.425127,26277.50859
23404.70653,155173.2043
24039.98701,159385.1139
46062.65196,305395.3825
47239.98998,313201.1336
46348.57488,307291.0515
14473.26726,95957.76192
31573.88174,209334.8359
83679.31121,554793.8333
67602.74708,448206.2131
71609.94578,474773.9405
55382.74907,367187.6264
69813.71247,462864.9136
19875.37904,131773.7631
14696.25629,97436.17922
24021.61623,159263.3156
91956.17479,609669.4388
68553.34774,454508.6955
60525.64702,401285.0397
13765.34724,91264.2522
45837.31384,303901.3908
36878.07165,244501.615
99454.10201,659380.6963
46473.50348,308119.3281
66995.15265,444177.8621
69830.29077,462974.8278
93195.65184,617887.1717
56543.89523,374886.0254
69833.947,462999.0686
62026.90473,411238.3784
26489.9432,175628.3234
65505.75351,434303.1458
95676.72188,634336.6661
14730.39723,97662.53366
96295.42686,638438.6801
84865.04318,562655.2363
35387.91404,234621.8701
84023.75985,557077.5278
28585.03206,189518.7625
25526.58318,169241.2465
15283.77677,101331.44
43372.88355,287562.218
29377.77614,194774.6558
46139.73321,305906.4312
56659.53285,375652.7028
97286.29321,645008.124
13483.96604,89398.69488
12139.86665,80487.31586
81831.95346,542545.8514
31061.28691,205936.3322
18618.8787,123443.1658
99759.32609,661404.332
94404.16396,625899.6071
82225.56068,545155.4673
99981.79232,662879.2831
36791.2952,243926.2872
86113.54842,570932.826
63646.09494,421973.6095
32819.36655,217592.4002
83086.06015,550860.5788
95973.601,636304.9746
8752.722503,58030.55019
80552.34767,534062.0651
95431.62946,632711.7033
98507.78665,653106.6255
40445.28843,268152.2623
71367.17459,473164.3675
77801.88419,515826.4922
58899.33303,390502.578
44767.01151,296805.2863
84253.47667,558600.5503
73999.49911,490616.6791
23002.42399,152506.071
19985.06948,132501.0106
43132.16263,285966.2383
55905.81915,370655.5809
97106.01919,643812.9072
64305.26142,426343.8832
11624.26401,77068.87041
10206.88139,67671.62363
21811.7753,144612.0703
91754.91122,608335.0614
69003.57773,457493.7204
81038.47983,537285.1213
16449.43921,109059.782
4059.783043,26916.36158
67151.90479,445217.1288
86407.14823,572879.3927
42291.14872,280390.316
75141.41821,498187.6027
4980.083485,33017.95351
33836.43561,224335.5681
50897.36433,337449.5255
19541.26069,129558.5584
5123.096208,33966.12786
41963.26165,278216.4247
22595.25667,149806.5517
90360.99796,599093.4165
70538.85959,467672.6391
15837.33726,105001.546
58878.2352,390362.6994
45981.4336,304856.9048
81306.29772,539060.7539
24649.45848,163425.9097
85171.91911,564689.8237
74802.89569,495943.1984
58912.75664,390591.5765
63251.34818,419356.4384
89725.7195,594881.5203
11497.99479,76231.70545
33857.89666,224477.8548
67072.02336,444687.5149
34235.43449,226980.9307
73466.42005,487082.3649
76709.76579,508585.7472
14509.40496,96197.35485
93783.4008,621783.9473
43531.43398,288613.4073
75119.10992,498039.6988
18127.10245,120182.6892
60247.23304,399439.155
90211.55839,598102.6321
83437.28715,553189.2138
90236.40196,598267.345
58117.12116,385316.5133
71065.42857,471163.7914
26493.47186,175651.7184
51159.37595,339186.6626
96644.78242,640754.9075
60421.7311,400596.0772
46931.53585,311156.0827
21569.24128,143004.0697
25102.79449,166431.5275
67273.42769,446022.8256
32392.88786,214764.8465
51648.36843,342428.6827
34256.75645,227122.2952
36837.33934,244231.5598
93132.72887,617469.9924
321.0625676,1875.005395
80146.56554,531371.7295
59178.71939,392354.9096
90901.17445,602674.7866
62891.45456,416970.3437
77655.63392,514856.8529
88410.56732,586162.0613
95672.44052,634308.2806
29631.61089,196457.5802
28864.43709,191371.2179
18167.65005,120451.5199
94428.01081,626057.7117
63332.0009,419891.166
64043.8903,424610.9927
75157.15298,498291.9243
46593.92603,308917.7295
98371.829,652205.2262
68390.47823,453428.8707
43510.64337,288475.5656
30433.2745,201772.6099
51003.89955,338155.854
14774.49156,97954.87905
93254.17952,618275.2102
93860.97121,622298.2391
2470.472391,16379.23195
37361.22145,247704.8982
58863.94226,390267.9372
51115.4626,338895.5171
31856.52914,211208.7882
77416.11086,513268.815
75473.45969,500389.0377
9212.606366,61079.58021
4894.28143,32449.08588
21048.1591,139549.2948
40840.33598,270771.4275
80990.52524,536967.1823
46687.14343,309535.7609
72290.99256,479289.2807
37568.34493,249078.1269
78873.31507,522930.0789
98754.86724,654744.7698
46805.30541,310319.1749
78834.69,522673.9947
4812.714354,31908.29617
50601.56854,335488.3994
57532.50378,381440.5001
95340.37315,632106.674
84087.56537,557500.5584
76264.10428,505631.0114
84713.21134,561648.5912
54166.57326,359124.3807
68698.47249,455470.8726
98481.4308,652931.8862
75553.91633,500922.4653
46024.92926,305145.281
88120.41104,584238.3252
16607.43206,110107.2746
51743.93791,343062.3084
8539.925349,56619.70506
58791.95424,389790.6566
19595.63909,129919.0871
32041.87086,212437.6038
83191.0674,551556.7769
15032.39058,99664.74951
69916.40121,463545.74
12813.59301,84954.12166
25822.87782,171205.68
74328.85115,492800.2832
6825.411812,45252.48031
41460.4017,274882.4633
51088.53225,338716.9688
58080.81579,385075.8087
65408.3334,433657.2504
72615.33146,481439.6476
82812.06848,549044.014
27813.49272,184403.4567
28408.14888,188346.0271
91484.58437,606542.7944
99377.02947,658869.7054
1786.776828,11846.33037
64454.36834,427332.4621
64422.07099,427118.3306
46874.11101,310775.356
7555.583393,50093.51789
62762.6842,416116.5962
49741.97533,329789.2964
56416.09771,374038.7278
32453.34463,215165.6749
52591.26127,348680.0623
67318.88697,446324.2206
15561.40568,103172.1196
23473.41464,155628.7391
89247.8297,591713.1109
88448.69271,586414.8327
75865.98753,502991.4973
76813.1808,509271.3887
15136.91799,100357.7662
55380.17565,367170.5645
2362.893672,15665.98505
37517.75308,248742.7029
4119.40699,27311.66835
30980.30119,205399.3969
75367.52796,499686.7104
97249.06573,644761.3058
46742.63347,309903.6599
63343.60737,419968.1168
25387.16341,168316.8934
52841.17409,350336.9842
26570.6464,176163.3856
42029.46342,278655.3425
33097.72333,219437.9057
15879.3143,105279.8538
3053.057753,20241.7729
3952.758135,26206.78643
59233.19323,392716.0711
84925.10957,563053.4764
36955.41252,245014.385
48756.80804,323257.6373
82225.33432,545153.9666
4396.27224,29147.28495
28334.4693,187857.5314
49730.2087,329711.2837
26409.65005,175095.9798
11786.5944,78145.12089
80047.374,530714.0896
18164.72887,120432.1524
71991.02262,477300.48
20369.54007,135050.0506
98435.72832,652628.8788
12110.92596,80295.43908
41465.13354,274913.8354
45502.40461,301680.9425
24525.93836,162606.9713
78761.95804,522191.7818
87445.40933,579763.0639
39379.8127,261088.1582
20856.18981,138276.5384
11309.67938,74983.17426
13379.94588,88709.04117
73877.11324,489805.2608
54478.08775,361189.7218
67103.90598,444898.8966
82024.78082,543824.2968
40092.96521,265816.3594
36056.92777,239057.4311
73587.18208,487883.0172
419.1963784,2448.10685
55878.40424,370473.8201
78226.35299,518640.7203
86566.89536,573938.5162
99057.99246,656754.49
2571.863944,17051.45795
44913.19137,297774.4588
6752.236188,44767.32592
85164.65526,564641.6644
94706.0135,627900.8695
10848.78859,71927.46836
25298.9597,167732.1028
30473.588,202039.8885
48199.98306,319565.8877
72324.91927,479514.2148
47341.68911,313875.3988
16457.58393,109113.7814
20159.2311,133655.7022
29852.12074,197919.5605
12797.70365,84848.77522
81840.76418,542604.2665
41826.13155,277307.2522
65976.03386,437421.1045
65692.71269,435542.6851
59508.77323,394543.1665
94255.20458,624912.0064
55477.47205,367815.6397
96294.06328,638429.6395
88502.26045,586769.9868
73123.15828,484806.5394
81986.98725,543573.7255
32022.83877,212311.4211
95471.83997,632978.299
54423.59668,360828.446
64716.21248,429068.4887
64894.38308,430249.7598
64465.05245,427403.2978
24439.74969,162035.5404
8656.165985,57390.38048
69737.19098,462357.5762
87946.87591,583087.7873
77485.54942,513729.1927
44935.24162,297920.6519
64075.89869,424823.2083
68951.45894,457148.1727
95476.61268,633009.942
43398.73995,287733.6458
57218.69343,379359.9374
69419.91368,460254.0277
72341.39265,479623.4333
72395.0976,479979.4971
34269.32855,227205.6483
63710.31226,422399.3703
76887.68135,509765.3274
13860.12067,91892.60007
52522.19691,348222.1655
89729.30215,594905.2733
59226.69988,392673.0202
21180.44356,140426.3408
26649.06186,176683.2802
39433.20328,261442.1377
69284.93158,459359.0964
91627.46328,607490.0815
88045.22077,583739.8137
13244.85,87813.35547
43245.82555,286719.8234
69281.95119,459339.3364
70055.23833,464466.2301
24247.96801,160764.0279
18636.48151,123559.8724
67548.95159,447849.549
31934.45374,211725.4283
77545.24257,514124.9583
37669.02946,249745.6653
12426.29123,82386.31083
95023.8815,630008.3344
88021.64329,583583.495
53885.52313,357261.0183
87128.87763,577664.4587
70412.02899,466831.7522
96996.52591,643086.9668
11273.66583,74744.40445
90926.32669,602841.546
86264.3835,571932.8626
10555.84551,69985.25574
11490.74603,76183.6462
8080.606381,53574.42031
49645.77417,329151.4827
5823.055401,38606.85731
53841.83649,356971.3759
31019.92793,205662.1222
54274.00804,359836.6733
74918.62619,496710.4916
61450.10963,407414.2268
96958.96067,642837.9092
18159.64141,120398.4225
56933.32266,377467.9292
44120.80959,292520.9676
33458.79084,221831.7832
11455.17585,75947.81591
35173.91749,233203.0729
72251.04778,479024.4468
45318.96598,300464.7445
52642.88077,349022.2995
91072.00185,603807.3723
79293.99488,525719.1861
64907.28525,430335.3012
30254.85794,200589.7082
46892.83963,310899.5267
21293.06047,141172.9909
61519.16052,407872.0343
30649.92048,203208.9728
82611.74646,547715.879
5080.06789,33680.85011
84369.91509,559372.537
47957.34641,317957.2067
55707.39847,369340.0518
45239.39615,299937.1965
452.9303978,2645.113523
31938.53577,211752.4921
96817.16568,641897.8084
85385.74794,566107.5088
92948.55472,616248.9178
44049.10639,292045.5753
96487.05209,639709.1554
70762.75912,469157.093
84529.06751,560427.7176
7425.667143,49232.17316
49915.18566,330937.6809
52834.60134,350293.4069
1252.812377,8306.146057
7928.849005,52568.2689
35559.68673,235760.723
47163.99052,312697.2571
28793.12967,190898.4497
49862.71071,330589.772
26189.49993,173636.3846
26697.25262,177002.7848
7023.819638,46567.9242
81200.40017,538358.6531
29902.02494,198250.4253
79569.02448,527542.6323
98770.15625,654846.1359
1182.398981,7839.305245
83787.53519,555511.3583
38972.27478,258386.1818
42574.24174,282267.2228
77245.13042,512135.2147
36040.67991,238949.7078
11625.74424,77078.68433
55688.72687,369216.2592
29675.57349,196749.0523
40375.43403,267689.1276
78785.04249,522344.8317
40117.82885,265981.2053
99059.98051,656767.6708
68792.37614,456093.4538
89939.46634,596298.6618
56823.536,376740.0437
72799.45034,482660.3557
43466.6821,288184.1023
78153.19618,518155.6907
99867.57251,662122.0058
99302.78284,658377.4502
35058.99187,232441.1161
69132.71823,458349.9219
25339.98742,168004.1166
94786.31506,628433.2689
83044.23015,550583.2459
61695.38331,409040.3913
67396.35362,446837.8245
30578.7683,202737.2338
75781.84097,502433.6057
32660.92547,216541.9359
44269.00516,293503.5042
53082.11943,351934.4518
24028.6739,159310.108
90038.63985,596956.1822
45465.39301,301435.5556
82246.1568,545292.0196
28594.08973,189578.8149
49133.50279,325755.1235
41899.13885,277791.2906
21583.72853,143100.1201
41776.47924,276978.0573
28209.66339,187030.0683
12749.07673,84526.37873
59650.90744,395485.5163
58899.02803,390500.5558
70440.0459,467017.5043
25266.594,167517.5182
49029.2951,325064.2265
22112.53913,146606.1344
89740.86942,594981.9643
69674.25685,461940.3229
65884.5887,436814.8231
21713.55208,143960.8503
54333.61483,360231.8663
59224.99668,392661.728
70829.267,469598.0402
38919.87187,258038.7505
19785.10494,131175.2458
50083.01449,332050.386
34976.63046,231895.0599
72824.78934,482828.3533
61715.36575,409172.8749
34435.21086,228305.448
40014.47167,265295.9472
96190.91418,637745.761
48534.59095,321784.338
82021.46828,543802.3347
188.8793737,1103.055542
56794.05951,376544.6146
97896.25144,649052.147
50784.26418,336699.6715
99871.52829,662148.2325
21946.41684,145504.7437
81305.97547,539058.6174
99262.02381,658107.2179
58881.8249,390386.4991
45570.88212,302134.9484
25797.33821,171036.3523
96798.72361,641775.5376
77371.9476,512976.0126
73251.55951,485657.8396
75533.76175,500788.8404
95065.58408,630284.8225
61861.17065,410139.5614
67254.92056,445900.1233
59287.35602,393075.1704
93735.03106,621463.2559
92067.589,610408.1151
23713.61441,157221.2635
39246.82099,260206.4231
45278.08704,300193.7171
77149.88301,511503.7244
28758.37705,190668.0398
50500.00489,334815.0324
89237.64108,591645.5603
5850.015635,38785.60366
4983.845371,33042.89481
59819.99726,396606.5818
27177.74064,180188.4204
63214.89889,419114.7797
70730.70742,468944.5902
74470.69353,493740.6981
27633.56974,183210.5673
78618.13334,521238.224
69743.32942,462398.2741
36692.33383,243270.1733
69017.36673,457585.1414
54619.165,362125.064
38593.02207,255871.7363
27140.45901,179941.2433
18031.0952,119546.1612
62545.44893,414676.3264
21449.96305,142213.255
19868.55119,131728.4944
2205.880577,14624.98823
79842.75524,529357.4672
43018.31238,285211.4111
91429.11218,606175.0138
67213.40468,445624.873
52703.46731,349423.9883
3414.713042,22639.54747
17327.85509,114883.6793
63533.49935,421227.1007
21694.22643,143832.7212
60713.63889,402531.4258
16494.03447,109355.4485
12396.58958,82189.38894
91316.62236,605429.2063
62558.87784,414765.3601
15694.5511,104054.8738
71085.88047,471299.3875
23988.92158,159046.5501
67687.94809,448771.0958
4879.134981,32348.66492
11947.83968,79214.17711
81070.4789,537497.2751
35099.26444,232708.1233
79801.15635,529081.6666
57179.88592,379102.6437
57328.1621,380085.7148
38802.60128,257261.2465
71498.96215,474038.119
91085.0391,603893.8093
93386.43312,619152.0516
79639.59641,528010.5242
77563.68917,514247.2592
51966.19118,344535.8475
39014.49452,258666.0987
74503.05529,493955.2566
36419.91524,241464.0381
85290.24986,565474.3566
50362.4971,333903.3558
28459.85845,188688.8615
35871.25464,237826.4183
2863.036815,18981.93408
33088.07708,219373.951
80319.46117,532518.0275
66713.97813,442313.675
42023.13877,278613.41
40259.33456,266919.3882
85836.82757,569098.1668
74962.77701,497003.2116
46237.78566,306556.519
27633.75301,183211.7825
2227.653715,14769.34413
49012.76593,324954.6381
85800.99819,568860.618
9238.745234,61252.8809
31680.00967,210038.4641
27090.79211,179611.9517
25313.97468,167831.6521
36938.19889,244900.2587
62787.00423,416277.8381
52296.82325,346727.9382
11095.29013,73561.77354
79817.87791,529192.5305
76021.97363,504025.6852
63137.0214,418598.4519
77767.93326,515601.3975
61244.73737,406052.6087
46674.672,309453.0753
49373.95775,327349.3399
74567.8003,494384.516
36042.06652,238958.901
59601.34405,395156.9111
25342.41825,168020.233
36150.5474,239678.1293
26853.27554,178037.2169
74933.94729,496812.0705
48011.47177,318316.0579
76031.94782,504091.814
22973.5912,152314.9097
7944.890529,52674.62421
70100.79098,464768.2442
18839.60588,124906.587
98751.52506,654722.6111
70453.14563,467104.3555
49557.13511,328563.8058
43580.11225,288936.1442
56244.34626,372900.0157
62184.43868,412282.8284
3496.66095,23182.8621
43043.22109,285376.5559
77070.08154,510974.6406
16623.90504,110216.4904
59711.40934,395886.6439
89188.4766,591319.5999
24478.8296,162294.6402
38881.57659,257784.8528
15748.26176,104410.9755
62767.61753,416149.3042
1356.943839,8996.537655
21040.4902,139498.45
23037.81556,152740.7172
40442.17076,268131.5921
74355.17277,492974.7955
73387.58717,486559.703
10093.70572,66921.26892
20697.48479,137224.3242
23072.29157,152969.2931
93523.0481,620057.8089
6229.8865,41304.1475
56025.44519,371448.7016
27962.02496,185388.2255
5325.458874,35307.79233
71160.37163,471793.2639
53047.40055,351704.2656
5890.803805,39056.02923
66470.68131,440700.6171
63207.49766,419065.7095
19706.74941,130655.7486
28840.94449,191215.462
31451.99834,208526.749
99002.7634,656388.3213
4646.802627,30808.30142
73766.24604,489070.2112
56853.24065,376936.9855
74414.12059,493365.6195
21610.12593,143275.1349
34822.42454,230872.6747
17027.04342,112889.2979
92859.82589,615660.6456
24459.11626,162163.9408
69308.77298,459517.1649
65777.33187,436103.7103
75294.75099,499204.199
99172.63366,657514.5612
8438.812342,55949.32583
33260.6859,220518.3475
85214.93882,564975.0444
92066.55313,610401.2473
84206.13565,558286.6794
14564.21389,96560.73811
50325.62017,333658.8617
75818.06065,502673.7421
35960.0805,238415.3337
22945.18956,152126.6068
3052.343548,20237.03773
51441.10096,341054.4994
43216.7001,286526.7216
72582.47406,481221.803
72000.81912,477365.4308
54162.81666,359099.4745
51836.93508,343678.8796
87182.64772,578020.9544
23204.95597,153848.8581
22897.02098,151807.2491
69579.52457,461312.2479
10499.43865,69611.27823
64536.93955,427879.9092
25820.21617,171188.0332
52154.39086,345783.6114
24987.21459,165665.2327
59302.27068,393174.0546
94146.05671,624188.356
5408.552456,35858.70278
7957.585031,52758.78876
14067.08711,93264.78751
37559.30631,249018.2008
97523.21017,646578.8834
48650.70266,322554.1586
64422.01088,427117.9322
95903.16029,635837.9527
13414.32567,88936.97917
31243.6963,207145.7065
37979.40534,251803.4574
35483.90393,235258.2831
40198.34116,266515.0019
87796.67376,582091.947
6023.784868,39937.69367
55144.29853,365606.6993
23488.48717,155728.6699
47804.73308,316945.3803
47716.39348,316359.6888
24630.45269,163299.9013
42068.7881,278916.0651
92608.48156,613994.2328
13546.03271,89810.19687
55466.79243,367744.8338
13800.50996,91497.38103
97342.27502,645379.2834
82847.17836,549276.7925
55152.5497,365661.4045
47264.25428,313362.0059
77832.01399,516026.2528
60595.43161,401747.7116
7271.611534,48210.78447
58631.62612,388727.6812
5214.872632,34574.60555
65695.63602,435562.0668
65889.88693,436849.9504
48742.91678,323165.5383
47126.88258,312451.2315
42070.64629,278928.3849
99801.50937,661684.0071
65487.27113,434180.6076
92709.39988,614663.3212
19393.46882,128578.6983
28927.62421,191790.1485
82292.14609,545596.9286
60405.8001,400490.4547
75116.82457,498024.5469
9783.454109,64864.30074
15624.98465,103593.6482
38939.44306,258168.5075
43319.81108,287210.3474
25532.48153,169280.3525
4493.921253,29794.69791
70343.38989,466376.675
87484.75746,580023.9419
9014.227722,59764.3298
72219.55572,478815.6544
88704.28143,588109.3859
37147.52791,246288.1101
18715.41175,124083.1799
42875.89972,284267.2151
55479.07804,367826.2874
6941.938525,46025.05242
11156.9557,73970.61631
99034.35555,656597.7773
16351.97242,108413.5771
58779.77618,389709.916
21451.66314,142224.5266
90064.60939,597128.3603
77180.79575,511708.6758
75916.97186,503329.5235
46424.24371,307792.7358
39816.87777,263985.8996
60264.99813,399556.9376
65816.54295,436363.6797
58308.6174,386586.1334
56296.7879,373247.7038
38705.78508,256619.3551
85465.99214,566639.5279
95471.91124,632978.7715
69709.53329,462174.2057
31678.05684,210025.5168
25014.03549,165843.0553
59192.98873,392449.5153
79112.4225,524515.3612
11636.53115,77150.20152
2321.542734,15391.82833
41557.38461,275525.4599
21305.40095,141254.8083
74206.55023,491989.4281
53048.36653,351710.6701
21664.48483,143635.5344
47450.07111,314593.9715
98457.58957,652773.8189
70968.49218,470521.1031
61506.73261,407789.6372
54483.79203,361227.5412
52117.60354,345539.7115
82526.88243,547153.2305
78676.66524,521626.2905
18610.97318,123390.7522
3440.831548,22812.71316
99267.68658,658144.762
28035.61391,185876.1202
55732.02897,369503.3521
19208.71871,127353.805
58705.03256,389214.3659
8244.926933,54663.86556
6115.945487,40548.71858
92081.54465,610500.641
89326.62917,592235.5514
91319.62393,605449.1066
59745.02505,396109.5161
84206.93347,558291.9689
2943.91673,19518.16792
69208.72789,458853.8659
41771.84957,276947.3626
31132.41018,206407.8795
39198.58509,259886.6192
3545.624943,23507.49337
25180.12164,166944.2064
35532.08927,235577.7518
85639.75396,567791.5688
4480.705183,29707.07536
13762.02691,91242.23838
86944.39157,576441.3161
84943.60588,563176.107
10255.42958,67993.49813
28774.59401,190775.5583
33811.57355,224170.7326
39432.6859,261438.7075
44311.77055,293787.0388
52431.91994,347623.6292
66277.77565,439421.6526
17139.24828,113633.2161
50260.16598,333224.9005
23258.19559,154201.8367
52018.58676,344883.2302
26877.91306,178200.5636
4442.752491,29455.44901
37937.3693,251524.7584
87648.07099,581106.7106
33499.3951,222100.9895
50878.12534,337321.971
69701.45105,462120.6205
30769.17534,203999.6325
46740.3284,309888.3773
25285.49522,167642.8333
28219.0036,187091.9938
9816.332363,65082.28357
24085.02605,159683.7227
10411.77563,69030.0724
25816.9385,171166.3023
55585.5242,368532.0254
50609.77265,335542.7926
87779.1145,581975.5292
20454.90896,135616.0464
71783.80807,475926.6475
37878.90703,251137.1536
52113.22824,345510.7032
37543.02002,248910.2227
67434.57595,447091.2386
29259.53556,193990.7207
66961.94138,443957.6714
96387.75346,639050.8054
9358.547003,62047.16663
28835.95023,191182.35
28473.94203,188782.2357
34181.91764,226626.1139
85148.34822,564533.5487
33659.4024,223161.8379
4725.934511,31332.94581
77444.6145,513457.7942
56387.93163,373851.9867
92783.7001,615155.9317
98078.94567,650263.4098
47431.47774,314470.6974
46703.49753,309644.1886
89423.95776,592880.8399
43001.44039,285099.5498
1970.191056,13062.3667
42660.26178,282837.5356
44196.62322,293023.612
10257.78948,68009.14425
74515.81734,494039.8689
46097.06422,305623.5358
78373.15016,519613.9856
91549.68399,606974.4048
1528.250255,10132.29919
57524.67515,381388.5962
31292.52242,207469.4236
14956.64895,99162.58252
79397.00881,526402.1684
83483.09881,553492.9451
46237.41772,306554.0795
24866.59145,164865.5013
75161.37387,498319.9088
96695.22777,641089.3601
5607.97602,37180.88101
89568.25965,593837.5615
66578.83915,441417.7036
78298.1582,519116.7889
59757.7344,396193.7791
12566.6525,83316.90608
72602.44821,481354.2316
27403.39022,181684.4771
67994.38063,450802.7436
71141.32691,471666.9974
82002.9161,543679.3337
7284.699716,48297.55911
29179.16101,193457.8375
98952.09334,656052.3788
75613.37196,501316.6561
20162.68531,133678.6036
14677.62471,97312.65183
63406.68256,420386.3054
67717.60659,448967.7317
99653.95406,660705.7154
99670.01545,660812.2025
63883.21664,423545.7263
54695.6653,362632.2609
89223.30522,591550.5136
9500.292616,62986.94004
51505.74308,341483.0766
65756.0979,435962.929
11088.13319,73514.32303
69799.43849,462770.2772
28770.00331,190745.122
65209.11369,432336.4238
23585.43391,156371.4268
55404.30975,367330.5737
16017.10625,106193.4144
34615.2752,229499.2746
31924.74602,211661.0661
85992.13132,570127.8307
38433.97382,254817.2464
99504.6545,659715.8594
29550.02357,195916.6563
72083.37529,477912.7781
83157.08558,551331.4774
17464.03305,115786.5391
74014.34429,490715.1027
45445.22275,301301.8268
97202.61925,644453.3656
23215.66818,153919.88
56815.92285,376689.5685
24399.69728,161769.993
93313.81631,618670.6021
30538.5083,202470.31
34443.34512,228359.3782
18211.28367,120740.8108
78952.04679,523452.0702
37769.97561,250414.9383
17359.26089,115091.8997
26114.14709,173136.7952
6534.450627,43323.40765
99049.21702,656696.3089
78294.96499,519095.6179
72273.22061,479171.4526
61041.4319,404704.6935
23571.10746,156276.4425
99338.89396,658616.867
52618.7658,348862.4173
55542.8962,368249.4018
197.5736123,1153.829896
98423.00588,652544.529
84048.02386,557238.3982
99845.32867,661974.5291
36294.81402,240634.617
86766.62081,575262.696
40083.89934,265756.2527
43655.00984,289432.7152
83035.6884,550526.6141
7420.516584,49198.02495
43239.70877,286679.2691
27394.23702,181623.7915
13242.21297,87795.87199
34964.15375,231812.3394
32670.83902,216607.6627
15095.41508,100082.602
8699.154504,57675.39436
22503.45842,149197.9293
31093.47077,206149.7112
85563.56304,567286.423
50169.23497,332622.0279
71601.10462,474715.3236
72921.1422,483467.1728
8372.84506,55511.96275
97579.49854,646952.0753
91181.22053,604531.4921
88790.78862,588682.9286
3559.080069,23596.70086
58127.00601,385382.0499
35768.20165,237143.1769
56380.25691,373801.1033
92402.13255,612626.1388
65233.08489,432495.3528
28110.94058,186375.5361
8780.932348,58217.58147
24621.01277,163237.3146
70540.41369,467682.9428
91938.75068,609553.917
23323.54055,154635.0738
71298.8318,472711.2548
38826.61755,257420.4743
59536.4764,394726.8386
58871.43045,390317.5839
82579.47713,547501.9334
67625.65579,448358.0979
10402.62658,68969.41425
43244.06434,286708.1466
72557.49883,481056.2172
24295.16039,161076.9134
9768.295705,64763.80053
39018.39599,258691.9654
17500.76689,116030.0845
68752.10166,455826.434
92516.10192,613381.7557
34351.36763,227749.5674
49573.09991,328669.6524
99304.72745,658390.343
81890.74181,542935.6182
40089.54174,265793.6617
54991.10546,364591.0292
58150.35762,385536.871
67722.59615,449000.8125
79851.8975,529418.0804
84092.75078,557534.9376
90097.92416,597349.2372
43067.87203,285539.9916
64717.98407,429080.2344
20759.85049,137637.8088
21381.16765,141757.1415
67624.97968,448353.6153
63260.30678,419415.8339
68989.01379,457397.1614
81819.27395,542461.7863
39936.89643,264781.6234
72406.94127,480058.0206
47665.21726,316020.3904
56939.96302,377511.9548
96209.69525,637870.2795
47262.64405,313351.3301
65769.47309,436051.6066
20388.17155,135173.5774
60612.48165,401860.7533
11833.36467,78455.20778
34846.50333,231032.3171
17311.53474,114775.4754
63131.50073,418561.8499
56329.55914,373464.9771
48523.42042,321710.2774
31695.61758,210141.9446
72539.74931,480938.5379
25969.57393,172178.2752
35350.23634,234372.067
37581.86166,249167.7428
31140.35488,206460.5529
12519.99836,83007.58914
2483.780727,16467.46622
98751.54651,654722.7534
42608.32657,282493.2052
91453.82647,606338.8695
11641.17071,77180.96178
4155.684174,27552.18607
9446.585923,62630.86467
46389.73913,307563.9705
69649.99036,461779.4361
92370.12521,612413.9301
97627.43799,647269.9139
18710.38568,124049.8571
58467.31831,387638.3204
47757.76975,316634.0134
34705.37829,230096.658
79939.17499,529996.7302
49738.7217,329767.7249
91927.70497,609480.684
13688.23801,90753.01802
15635.85276,103665.7038
33404.29777,221470.4942
76904.73846,509878.416
74616.2948,494706.0345
31397.3766,208164.6069
94634.27214,627425.2243
26177.77742,173558.6643
82449.51144,546640.2608
6003.409847,39802.60728
28933.79647,191831.0706
23291.63914,154423.5675
25887.25035,171632.4698
99804.54312,661704.1209
40184.50188,266423.2475
7610.132845,50455.18076
95169.82844,630975.9626
75411.65981,499979.3046
39218.97718,260021.8187
62658.65594,415426.8889
93374.91873,619075.7112
8006.067658,53080.22857
74197.29698,491928.0789
53315.23133,353479.9837
86597.37801,574140.6162
68306.1946,452870.0702
57577.61743,381739.6035
16081.86785,106622.7838
75068.35621,497703.2017
55546.38487,368272.5317
22857.93622,151548.1171
58180.34106,385735.6612
84711.57832,561637.7642
10561.97535,70025.89656
97266.87229,644879.3633
30628.75875,203068.6705
42428.72967,281302.4777
55275.47923,366476.4273
20976.83593,139076.4222
91342.64947,605601.766
43422.52369,287891.3321
475.3224991,2775.883395
74398.05939,493259.1337
76158.9121,504933.5872
2014.177785,13353.99871
82686.59726,548212.1398
90819.81141,602135.3497
15803.02664,104774.0666
19192.77516,127248.0993
59154.93114,392197.1935
91041.4105,603604.5516
9606.780151,63692.9524
29804.36474,197602.9382
69115.6009,458236.4339
54483.14768,361223.2691
18150.21585,120335.9311
35484.61003,235262.9645
84891.15052,562828.3279
60752.80847,402791.1201
60197.27324,399107.9216
66612.74963,441642.53
75905.41014,503252.8693
86952.32769,576493.9326
84614.30941,560992.8714
52671.93062,349214.9
15499.47106,102761.4931
81275.74984,538858.2214
54305.36206,360044.5504
76563.66995,507617.1318
49574.24732,328677.2597
54744.68584,362957.2671
88430.01206,586290.9799
43338.33868,287333.1855
21833.92861,144758.9467
90042.96358,596984.8485
42826.49324,283939.6502
39746.16879,263517.0991
11826.52167,78409.83864
84074.27546,557412.4463
16435.37536,108966.5386
63136.37128,418594.1416
30724.17508,203701.2808
42206.35194,279828.1133
56477.62742,374446.6698
19166.94936,127076.8742
980.4170849,5725.635776
63566.52735,421446.0763
40100.26099,265864.7303
95784.12079,635048.7208
70827.92961,469589.1733
53333.75436,353602.7914
88821.78541,588888.4372
64910.26171,430355.0351
81942.39033,543278.0479
37530.40138,248826.5612
14216.43937,94254.99306
57523.85122,381383.1336
22124.02122,146682.2607
45142.786,299296.6712
91298.35377,605308.0855
83817.38047,555709.2325
44141.95608,292661.1688
17591.04033,116628.5974
78800.28507,522445.89
67151.22148,445212.5984
14687.70898,97379.51051
45430.25493,301202.5902
66703.66511,442245.2997
87384.66377,579360.3208
89414.61225,592818.8792
62642.31875,415318.5733
21703.23546,143892.4511
79145.10743,524732.0623
50355.649,333857.9528
55582.32063,368510.7857
3175.971855,21056.6934
17120.02574,113505.7706
45430.95774,301207.2498
27998.44091,185629.6632
22714.96605,150600.2249
72952.40101,483674.4187
33103.29751,219474.8625
84162.78117,557999.2391
52849.48383,350392.0778
63024.42342,417851.9273
9591.912789,63594.38179
42687.74163,283019.727
38526.95138,255433.6877
58999.16171,391164.4421
82464.14519,546737.2826
2601.85886,17250.32424
8638.349201,57272.2552
21224.2097,140716.5103
53423.76505,354199.5623
91390.3488,605918.0125
27022.4394,179158.7732
39382.41027,261105.3801
41562.36064,275558.451
38788.34269,257166.7121
87373.35811,579285.3643
49816.19007,330281.3402
72919.6217,483457.0919
82348.38574,545969.7974
471.8818115,2755.789779
246.4451297,1439.239558
90432.19042,599565.4225
72783.67429,482555.7605
89462.86806,593138.8153
42240.08625,280051.7718
9358.519343,62046.98325
86936.76798,576390.7717
14703.61772,97484.98546
69915.97137,463542.8902
93644.31811,620861.829
26978.35143,178866.47
95910.39281,635885.9043
89674.57244,594542.4153
11419.62841,75712.13634
31152.35,206540.0805
4113.196241,27270.49108
90112.14393,597443.5143
99423.59873,659178.4596
54002.59202,358037.1851
3409.656481,22606.02247
6043.518662,40068.52873
41379.54027,274346.352
47054.23534,311969.5803
26085.73764,172948.4406
53906.691,357401.3613
13507.98883,89557.96594
84659.12445,561289.9951
88162.96422,584520.4528
64447.76625,427288.6903
61521.05544,407884.5976
94136.38888,624124.2583
40587.64132,269096.0619
89958.62304,596425.6708
76858.00699,509568.5864
85715.98004,568296.9476
82742.05911,548579.8519
96880.51944,642317.8439
38686.65113,256492.497
76547.40754,507509.312
14499.10321,96129.05427
1740.522175,11539.66202
64391.40521,426915.0165
38666.71092,256360.2934
73769.82102,489093.9134
27625.83221,183159.2675
97906.50276,649120.1133
29453.94683,195279.6675
98617.43292,653833.5803
84416.11815,559678.8633
29758.34193,197297.807
57598.77735,381879.8939
10713.93189,71033.3684
13183.25871,87405.00526
18342.64509,121611.737
85442.61699,566484.5507
66877.78506,443399.7149
58932.46003,390722.21
73859.14002,489686.0983
60987.68623,404348.3597
71747.40837,475685.3175
55203.72759,366000.7139
76276.29289,505711.8218
54171.73681,359158.6151
49917.85771,330955.3966
98360.17002,652127.9272
32410.80214,214883.6182
9438.553387,62577.60896
45265.82516,300112.4208
81197.00728,538336.1583
34285.55083,227313.202
43356.98764,287456.828
27118.7127,179797.0652
85591.38951,567470.9125
72775.35665,482500.6146
51507.61959,341495.5179
43115.0613,285852.8564
22965.61628,152262.036
47715.73303,316355.31
67093.28527,444828.4813
27123.92674,179831.6343
46130.19376,305843.1846
13678.60187,90689.13042
34686.893,229974.1006
33159.53011,219847.6846
69843.10924,463059.8143
51446.47132,341090.1049
99767.52448,661458.6873
89551.11675,593723.9041
87923.32337,582931.634
80442.22066,533331.923
2772.547399,18381.98926
71250.10004,472388.1632
81462.26816,540094.8379
90834.54488,602233.0325
9687.260341,64226.53606
45716.65121,303101.3975
46868.3578,310737.2122
83020.16125,550423.6691
62344.342,413342.9875
57884.09058,383771.5205
90601.78971,600689.8658
86559.24157,573887.7716
16381.75768,108611.0534
88846.87912,589054.8086
1817.706286,12051.39268
11479.67182,76110.22414
43143.98881,286044.6458
22353.92373,148206.5143
22839.93368,151428.7603
5851.146563,38793.10171
50162.35921,332576.4416
46479.61335,308159.8365
38348.80968,254252.6082
31514.37811,208940.3269
62730.84143,415905.4787
75352.21825,499585.207
96328.87352,638660.4314
66964.40143,443973.9815
44801.34132,297032.8929
13751.16672,91170.23536
57452.39865,380909.403
99849.78968,662004.1056
91586.98354,607221.7009
30366.20962,201327.9698
10059.47393,66694.31213
64494.14241,427596.1642
88129.60664,584299.292
79006.57898,523813.6186
93439.09075,619501.1717
12445.65961,82514.72324
7106.621407,47116.89993
7033.125267,46629.62052
32497.67034,215459.5544
63177.4307,418866.3656
38709.13986,256641.5973
67857.48847,449895.1486
26699.86146,177020.0815
53381.00455,353916.0602
51806.54964,343477.4241
17362.50176,115113.3867
62135.80746,411960.4035
34543.88312,229025.9451
71479.85555,473911.4423
77912.15317,516557.5755
43913.02868,291143.3801
1449.514556,9610.281505
4521.450299,29977.21548
30643.26188,203164.8262
19390.67515,128560.1763
11398.31466,75570.82621
20117.42721,133378.5424
7617.049311,50501.03693
52035.77633,344997.1971
20531.88256,136126.3814
39769.99107,263675.0408
19435.71333,128858.7794
13221.94826,87661.51699
43943.50924,291345.4663
98064.50408,650167.6621
3714.496138,24627.10939
61735.62655,409307.204
8877.202799,58855.85456
59989.44105,397729.9942
65149.95466,431944.1994
96874.93626,642280.8274
46865.13165,310715.8228
63874.0269,423484.7983
25327.20418,167919.3637
69774.89403,462607.5474
12339.93897,81813.79536
29221.38096,193737.7558
12230.82749,81090.38623
37698.45524,249940.7582
39727.69032,263394.5868
94466.50726,626312.9432
66648.6865,441880.7915
66371.42159,440042.5251
38799.60865,257241.4054
153.3127858,895.3466692
34518.56027,228858.0546
63932.57802,423872.9923
47825.26495,317081.5066
6216.929241,41218.24087
23949.28441,158783.7556
99884.67661,662235.4059
19356.58121,128334.1334
36577.76193,242510.5616
84936.62918,563129.8514
11713.78945,77662.42402
61086.73902,405005.0797
2823.342109,18718.75818
63786.58016,422905.0265
14460.95902,95876.15832
6956.287878,46120.18863
5459.953222,36199.48986
67724.14637,449011.0904
60336.45386,400030.6891
49930.39385,331038.5112
12023.1548,79713.5163
48173.58298,319390.8552
43784.92877,290294.0777
11960.88437,79300.66335
16188.76388,107331.5045
51497.20066,341426.4404
41239.19968,273415.8939
26895.0279,178314.035
42866.1381,284202.4956
88978.21257,589925.5493
42028.89215,278651.555
19386.76114,128534.2264
21849.28107,144860.7335
8452.629252,56040.93194
8604.069799,57044.98277
69575.10632,461282.9549
74711.40041,495336.5847
57265.48366,379670.1567
61203.06191,405776.3004
64341.51787,426584.2635
85881.74461,569395.9668
24834.46568,164652.5075
14732.28633,97675.05839
99012.56205,656453.2864
21310.97902,141291.7909
23187.12634,153730.6477
29347.71836,194575.3728
7586.209091,50296.56628
2665.953349,17675.2707
58762.38106,389594.5864
54773.34725,363147.2922
2932.291676,19441.09381
12462.36735,82625.49554
79517.93475,527203.9074
19362.7263,128374.8754
47121.08038,312412.7629
74387.1566,493186.8482
23580.94599,156341.6719
17473.61408,115850.0614
24845.49776,164725.6502
59109.74995,391897.6422
55560.22258,368364.2757
49200.69425,326200.6029
84661.80608,561307.7743
12916.95417,85639.40614
46968.51045,311401.2243
65209.1133,432336.4212
37978.52778,251797.6392
53118.45436,352175.3524
84836.06522,562463.1124
42501.37179,281784.095
29435.21359,195155.4661
5263.601793,34897.67989
62101.64696,411733.9194
34600.26536,229399.7594
76535.40577,507429.7403
96208.2816,637860.907
42116.31113,279231.1428
11641.00966,77179.89402
54293.66117,359966.9736
38579.89841,255784.7265
23923.75374,158614.4873
33588.87399,222694.2345
23944.41833,158751.4935
69061.14138,457875.3673
34046.83777,225730.5344
94135.5897,624118.9597
30767.61398,203989.2807
20290.69781,134527.3265
54208.75286,359404.0314
98961.12864,656112.2829
6158.140321,40828.47033
41268.77809,273611.9987
47331.39874,313807.1736
44051.79828,292063.4226
16601.63777,110068.8584
14794.26832,98085.99897
69780.20682,462642.7712
5379.857376,35668.4544
22689.87998,150433.9043
9876.07853,65478.40065
19037.51883,126218.7498
1389.63714,9213.294236
81432.19128,539895.4282
9455.487207,62689.88018
69553.42862,461139.2318
37829.62774,250810.4319
10336.63731,68531.90538
39751.56562,263552.8801
45755.59441,303359.5909
73096.03556,484626.7158
68795.64307,456115.1135
4766.908627,31604.6042
97137.78303,644023.5015
21664.80767,143637.6749
95490.99165,633105.2747
83204.76945,551647.6215
7090.247547,47008.34124
96672.5514,640939.0158
61812.79457,409818.828
46129.20488,305836.6284
42513.00574,281861.228
86719.9135,574953.0265
18448.71702,122314.9939
25873.17468,171539.1481
73139.90345,484917.5599
28642.66958,189900.8993
71655.78304,475077.8416
25352.82487,168089.2289
47801.05965,316921.0255
21813.70036,144624.8334
13098.22193,86841.21137
98703.35851,654403.2669
78230.13075,518665.7669
68290.06518,452763.1321
74015.91028,490725.4852
83808.67581,555651.5206
67960.94859,450581.0892
19870.48856,131741.3391
78487.2244,520370.2977
25452.21299,168748.1721
24727.59946,163943.9844
92878.26894,615782.9231
94509.90554,626600.6737
44994.75704,298315.2392
35532.25896,235578.8769
50926.651,337643.6961
42744.15414,283393.7419
95542.34994,633445.7801
70017.59818,464216.676
37453.76014,248318.4298
25315.90111,167844.4244
91093.06237,603947.0035
41782.72297,277019.4533
86449.48156,573160.0627
25734.10999,170617.1492
89362.29012,592471.9835
51984.46568,344657.0074
74591.00332,494538.352
33621.8454,222912.835
18032.74583,119557.1049
27029.08844,179202.8564
26165.90488,173479.9494
83712.3081,555012.6027
70177.71738,465278.2662
15986.46602,105990.2697
28816.74129,191054.9948
37536.08205,248864.224
58995.84035,391142.4215
50481.22445,334690.5181
79560.62962,527486.9744
69269.53195,459256.9968
13392.13196,88789.8349
3435.654494,22778.38929
86824.42819,575645.9589
67731.04059,449056.7991
64943.06967,430572.5519
44523.61718,295191.5819
9338.631487,61915.12676
37003.32147,245332.0213
23765.04814,157562.2691
47072.17174,312088.4986
67768.14121,449302.7762
20980.61383,139101.4697
6251.030402,41444.33157
3711.746333,24608.87819
65700.67057,435595.4459
72476.16179,480516.9527
59141.27497,392106.653
44296.05355,293682.835
56323.9246,373427.6201
81654.01839,541366.1419
21918.44963,145319.3211
54015.74961,358124.4199
75138.5292,498168.4486
38240.86402,253536.9284
99775.09452,661508.8767
78590.39474,521054.3171
93642.86112,620852.1692
38021.93537,252085.4315
40691.76772,269786.42
3831.36935,25401.97879
88330.22556,585629.3955
57098.15305,378560.7547
86177.03888,571353.7678
26118.95793,173168.6911
50197.66644,332810.5285
36775.8687,243824.0095
23570.14582,156270.0668
61086.46604,405003.2699
34382.13883,227953.5805
64164.31453,425409.4053
11413.60161,75672.1787
29272.44891,194076.3363
18774.95943,124477.981
75183.15676,498464.3293
8964.520763,59434.77266
429.0339407,2505.558214
20226.66563,134102.7931
53777.61308,356545.5747
57645.93824,382192.5705
70193.11736,465380.3681
16136.45691,106984.7093
37573.87555,249114.7949
54021.95385,358165.554
31942.84537,211781.0648
34473.40077,228558.6471
147.4840637,861.3069317
50080.5973,332034.3601
22475.83464,149014.7836
65719.59187,435720.8941
96110.0824,637209.8463
4542.380699,30115.98403
1354.882117,8982.868438
828.3959112,4837.832122
32767.64794,217249.5058
15017.51365,99566.11548
70376.58578,466596.7637
79871.05361,529545.0854
35665.58766,236462.8462
98378.80035,652251.4463
29961.62925,198645.6019
48566.55752,321996.2763
27407.18795,181709.6561
62028.5832,411249.5066
65528.4514,434453.6328
88457.8072,586475.2617
83724.21272,555091.5303
38704.12681,256608.3608
55289.05367,366566.4259
24966.87896,165530.4075
50392.83973,334104.5274
95986.19784,636388.4917
28165.91808,186740.0369
85196.83099,564854.9895
27763.15407,184069.7115
71493.37275,474001.0613
6592.663915,43709.36176
3394.409499,22504.93498
2806.48419,18606.99018
36417.4296,241447.5583
50910.2981,337535.2764
70931.41563,470275.2856
80770.67603,535509.5821
90550.75326,600351.4941
92272.14421,611764.3161
37680.20469,249819.7571
51538.42643,341699.7672
41852.17567,277479.9247
42341.44828,280723.8021
12235.79895,81123.34705
2117.86573,14041.44979
7460.258492,49461.5138
23568.26529,156257.5989
22225.52293,147355.217
29359.29028,194652.0946
92028.64321,610149.9045
25088.65658,166337.7931
14126.33075,93657.57285
24848.10696,164742.9491
86629.62448,574354.4103
14549.45236,96462.86916
52273.29201,346571.926
1812.737385,12018.44886
34523.72601,228892.3035
65069.92641,431413.6121
14991.46758,99393.43002
61939.21641,410657.0048
73766.75385,489073.578
36275.67416,240507.7197
36583.70727,242549.9792
31613.48419,209597.4002
77812.1169,515894.3351
71128.25936,471580.3596
66926.52792,443722.8801
36205.32194,240041.2845
85514.14262,566958.7655
63917.26089,423771.4397
52838.38354,350318.4829
5457.751213,36184.89054
6615.996267,43864.05525
26128.49131,173231.8974
65240.50948,432544.5779
71350.37297,473052.9728
47435.08166,314494.5914
86241.08465,571778.3913
34570.24376,229200.7161
